Periodo;Provincia;Total Regimenes(RG+RETA) TODAS LAS SECCIONES;REGIMEN GENERAL TODAS LAS SECCIONES;REG. ESP. AUTONOMOS TODAS LAS SECCIONES;Ano
200901;15. Coruña, A;417479.70;325125.05;92354.65;2009
200901;27. Lugo;122904.85;82399.35;40505.50;2009
200901;32. Ourense;104801.90;76839.80;27962.10;2009
200901;36. Pontevedra;340104.30;268814.60;71289.70;2009
200902;15. Coruña, A;417771.15;325760.40;92010.75;2009
200902;27. Lugo;122695.60;82344.80;40350.80;2009
200902;32. Ourense;104681.75;76800.10;27881.65;2009
200902;36. Pontevedra;338210.60;267296.05;70914.55;2009
200903;15. Coruña, A;417023.05;325163.14;91859.91;2009
200903;27. Lugo;122665.00;82380.77;40284.23;2009
200903;32. Ourense;104656.45;76819.95;27836.50;2009
200903;36. Pontevedra;337273.27;266573.32;70699.95;2009
200904;15. Coruña, A;415457.15;323835.95;91621.20;2009
200904;27. Lugo;122532.85;82319.05;40213.80;2009
200904;32. Ourense;104597.10;76809.70;27787.40;2009
200904;36. Pontevedra;337009.95;266428.30;70581.65;2009
200905;15. Coruña, A;415805.05;324417.25;91387.80;2009
200905;27. Lugo;122808.15;82688.60;40119.55;2009
200905;32. Ourense;104785.45;77040.05;27745.40;2009
200905;36. Pontevedra;338474.95;268033.40;70441.55;2009
200906;15. Coruña, A;416703.59;325476.95;91226.64;2009
200906;27. Lugo;123073.05;83066.50;40006.55;2009
200906;32. Ourense;105117.18;77426.41;27690.77;2009
200906;36. Pontevedra;339791.00;269379.50;70411.50;2009
200907;15. Coruña, A;421008.04;330090.96;90917.09;2009
200907;27. Lugo;125053.09;85111.78;39941.30;2009
200907;32. Ourense;106769.43;79146.43;27623.00;2009
200907;36. Pontevedra;344744.87;274302.83;70442.04;2009
200908;15. Coruña, A;420542.05;329861.48;90680.57;2009
200908;27. Lugo;125517.57;85641.29;39876.29;2009
200908;32. Ourense;106842.90;79263.95;27578.95;2009
200908;36. Pontevedra;344389.48;274025.33;70364.14;2009
200909;15. Coruña, A;417139.59;326570.50;90569.09;2009
200909;27. Lugo;124008.68;84197.68;39811.00;2009
200909;32. Ourense;106321.36;78779.45;27541.91;2009
200909;36. Pontevedra;341622.95;271463.77;70159.18;2009
200910;15. Coruña, A;415668.10;325255.10;90413.00;2009
200910;27. Lugo;123001.95;83301.57;39700.38;2009
200910;32. Ourense;105380.00;77924.10;27455.90;2009
200910;36. Pontevedra;337984.48;268207.33;69777.14;2009
200911;15. Coruña, A;415181.57;324979.10;90202.48;2009
200911;27. Lugo;122491.52;82956.14;39535.38;2009
200911;32. Ourense;104899.29;77539.10;27360.19;2009
200911;36. Pontevedra;335898.19;266382.05;69516.14;2009
200912;15. Coruña, A;412251.84;322287.05;89964.79;2009
200912;27. Lugo;121798.53;82465.26;39333.26;2009
200912;32. Ourense;104385.21;77142.79;27242.42;2009
200912;36. Pontevedra;332995.58;263681.95;69313.63;2009
201001;15. Coruña, A;406228.95;316656.79;89572.16;2010
201001;27. Lugo;119761.11;80601.58;39159.53;2010
201001;32. Ourense;102431.16;75282.26;27148.89;2010
201001;36. Pontevedra;326777.26;257739.16;69038.11;2010
201002;15. Coruña, A;407649.05;318360.65;89288.40;2010
201002;27. Lugo;119780.50;80800.90;38979.60;2010
201002;32. Ourense;102690.45;75692.80;26997.65;2010
201002;36. Pontevedra;326787.40;258109.60;68677.80;2010
201003;15. Coruña, A;408760.04;319582.87;89177.17;2010
201003;27. Lugo;120009.91;81057.39;38952.52;2010
201003;32. Ourense;102786.30;75858.65;26927.65;2010
201003;36. Pontevedra;326865.26;258221.96;68643.30;2010
201004;15. Coruña, A;409673.35;320582.40;89090.95;2010
201004;27. Lugo;120175.35;81304.45;38870.90;2010
201004;32. Ourense;102821.45;75925.45;26896.00;2010
201004;36. Pontevedra;326477.25;257836.60;68640.65;2010
201005;15. Coruña, A;411641.48;322640.19;89001.29;2010
201005;27. Lugo;120682.71;81881.90;38800.81;2010
201005;32. Ourense;102974.24;76067.48;26906.76;2010
201005;36. Pontevedra;328386.10;259715.19;68670.90;2010
201006;15. Coruña, A;412534.32;323515.95;89018.36;2010
201006;27. Lugo;121045.00;82273.73;38771.27;2010
201006;32. Ourense;103326.59;76377.14;26949.45;2010
201006;36. Pontevedra;331057.91;262207.45;68850.45;2010
201007;15. Coruña, A;415985.95;327146.68;88839.27;2010
201007;27. Lugo;122963.77;84206.09;38757.68;2010
201007;32. Ourense;104889.77;77916.18;26973.59;2010
201007;36. Pontevedra;335987.45;266970.91;69016.55;2010
201008;15. Coruña, A;415818.14;327215.82;88602.32;2010
201008;27. Lugo;123156.05;84512.36;38643.68;2010
201008;32. Ourense;105321.32;78394.86;26926.45;2010
201008;36. Pontevedra;336113.95;267273.59;68840.36;2010
201009;15. Coruña, A;412093.91;323720.91;88373.00;2010
201009;27. Lugo;121509.00;82950.91;38558.09;2010
201009;32. Ourense;104574.45;77721.00;26853.45;2010
201009;36. Pontevedra;332712.23;264054.27;68657.95;2010
201010;15. Coruña, A;409771.35;321478.55;88292.80;2010
201010;27. Lugo;120131.65;81690.25;38441.40;2010
201010;32. Ourense;103298.20;76516.30;26781.90;2010
201010;36. Pontevedra;328623.75;260295.85;68327.90;2010
201011;15. Coruña, A;408677.10;320509.52;88167.57;2010
201011;27. Lugo;119243.52;80930.48;38313.05;2010
201011;32. Ourense;102665.67;76032.81;26632.86;2010
201011;36. Pontevedra;325932.57;257826.43;68106.14;2010
201012;15. Coruña, A;405903.89;317915.47;87988.42;2010
201012;27. Lugo;118634.11;80459.11;38175.00;2010
201012;32. Ourense;101892.05;75365.21;26526.84;2010
201012;36. Pontevedra;322459.00;254503.37;67955.63;2010
201101;15. Coruña, A;399587.30;311962.65;87624.65;2011
201101;27. Lugo;117035.55;79005.55;38030.00;2011
201101;32. Ourense;100192.85;73771.65;26421.20;2011
201101;36. Pontevedra;317154.20;249452.90;67701.30;2011
201102;15. Coruña, A;399636.65;312274.80;87361.85;2011
201102;27. Lugo;116756.45;78902.95;37853.50;2011
201102;32. Ourense;100175.60;73836.15;26339.45;2011
201102;36. Pontevedra;317126.45;249718.20;67408.25;2011
201103;15. Coruña, A;400445.30;313034.04;87411.26;2011
201103;27. Lugo;117414.35;79601.17;37813.17;2011
201103;32. Ourense;100355.26;74015.65;26339.61;2011
201103;36. Pontevedra;317380.39;249880.48;67499.91;2011
201104;15. Coruña, A;401656.63;314159.79;87496.84;2011
201104;27. Lugo;117690.42;79868.47;37821.95;2011
201104;32. Ourense;100455.74;74115.79;26339.95;2011
201104;36. Pontevedra;317463.42;249886.32;67577.11;2011
201105;15. Coruña, A;402010.32;314472.86;87537.45;2011
201105;27. Lugo;118190.09;80350.00;37840.09;2011
201105;32. Ourense;101104.32;74723.68;26380.64;2011
201105;36. Pontevedra;318609.27;250954.91;67654.36;2011
201106;15. Coruña, A;401700.18;314328.45;87371.73;2011
201106;27. Lugo;118424.23;80615.55;37808.68;2011
201106;32. Ourense;101579.77;75207.27;26372.50;2011
201106;36. Pontevedra;319336.18;251543.73;67792.45;2011
201107;15. Coruña, A;405761.14;318581.57;87179.57;2011
201107;27. Lugo;120345.90;82547.52;37798.38;2011
201107;32. Ourense;102740.29;76346.24;26394.05;2011
201107;36. Pontevedra;323975.24;256025.90;67949.33;2011
201108;15. Coruña, A;405955.27;318908.05;87047.23;2011
201108;27. Lugo;120943.36;83159.23;37784.14;2011
201108;32. Ourense;102893.32;76497.59;26395.73;2011
201108;36. Pontevedra;323130.64;255133.32;67997.32;2011
201109;15. Coruña, A;401566.82;314538.59;87028.23;2011
201109;27. Lugo;118953.77;81194.36;37759.41;2011
201109;32. Ourense;102230.82;75840.82;26390.00;2011
201109;36. Pontevedra;318222.73;250381.45;67841.27;2011
201110;15. Coruña, A;399101.70;312150.80;86950.90;2011
201110;27. Lugo;117739.25;80004.90;37734.35;2011
201110;32. Ourense;101121.70;74749.70;26372.00;2011
201110;36. Pontevedra;314226.75;246684.20;67542.55;2011
201111;15. Coruña, A;397057.00;310237.86;86819.14;2011
201111;27. Lugo;116417.95;78788.43;37629.52;2011
201111;32. Ourense;100079.33;73773.90;26305.43;2011
201111;36. Pontevedra;311537.90;244274.10;67263.81;2011
201112;15. Coruña, A;394914.45;308216.10;86698.35;2011
201112;27. Lugo;115759.80;78240.65;37519.15;2011
201112;32. Ourense;99426.20;73192.05;26234.15;2011
201112;36. Pontevedra;308181.30;241130.40;67050.90;2011
201201;15. Coruña, A;387582.57;301470.95;86111.62;2012
201201;27. Lugo;113421.05;76107.43;37313.62;2012
201201;32. Ourense;97356.81;71300.57;26056.24;2012
201201;36. Pontevedra;302343.81;235948.90;66394.90;2012
201202;15. Coruña, A;386303.52;300253.05;86050.48;2012
201202;27. Lugo;112944.24;75687.81;37256.43;2012
201202;32. Ourense;97071.00;71027.05;26043.95;2012
201202;36. Pontevedra;301423.57;234995.81;66427.76;2012
201203;15. Coruña, A;386084.45;299965.55;86118.91;2012
201203;27. Lugo;112776.18;75500.27;37275.91;2012
201203;32. Ourense;96843.27;70826.36;26016.91;2012
201203;36. Pontevedra;300847.18;234367.45;66479.73;2012
201204;15. Coruña, A;384493.68;298332.32;86161.37;2012
201204;27. Lugo;112707.63;75426.05;37281.58;2012
201204;32. Ourense;96423.95;70446.63;25977.32;2012
201204;36. Pontevedra;300923.42;234330.84;66592.58;2012
201205;15. Coruña, A;384155.05;297981.91;86173.14;2012
201205;27. Lugo;112584.64;75282.64;37302.00;2012
201205;32. Ourense;96495.59;70475.59;26020.00;2012
201205;36. Pontevedra;301270.95;234674.73;66596.23;2012
201206;15. Coruña, A;384578.86;298343.95;86234.90;2012
201206;27. Lugo;112835.48;75540.62;37294.86;2012
201206;32. Ourense;96887.24;70843.71;26043.52;2012
201206;36. Pontevedra;301996.19;235251.48;66744.71;2012
201207;15. Coruña, A;386565.55;300272.50;86293.05;2012
201207;27. Lugo;113955.32;76668.09;37287.23;2012
201207;32. Ourense;97711.95;71628.14;26083.82;2012
201207;36. Pontevedra;305514.64;238537.77;66976.86;2012
201208;15. Coruña, A;387250.32;301025.23;86225.09;2012
201208;27. Lugo;114908.95;77595.59;37313.36;2012
201208;32. Ourense;98377.91;72283.27;26094.64;2012
201208;36. Pontevedra;305860.41;238855.14;67005.27;2012
201209;15. Coruña, A;384285.30;298194.50;86090.80;2012
201209;27. Lugo;113545.50;76287.55;37257.95;2012
201209;32. Ourense;97789.30;71756.30;26033.00;2012
201209;36. Pontevedra;301969.85;235228.15;66741.70;2012
201210;15. Coruña, A;382448.18;296514.00;85934.18;2012
201210;27. Lugo;112273.68;75099.23;37174.45;2012
201210;32. Ourense;96719.41;70701.14;26018.27;2012
201210;36. Pontevedra;298392.95;232071.59;66321.36;2012
201211;15. Coruña, A;379595.48;293788.43;85807.05;2012
201211;27. Lugo;110647.71;73599.24;37048.48;2012
201211;32. Ourense;95752.05;69771.29;25980.76;2012
201211;36. Pontevedra;294337.19;228331.71;66005.48;2012
201212;15. Coruña, A;376676.88;290921.18;85755.71;2012
201212;27. Lugo;109853.94;72877.47;36976.47;2012
201212;32. Ourense;95095.53;69180.00;25915.53;2012
201212;36. Pontevedra;291149.18;225373.82;65775.35;2012
201301;15. Coruña, A;370157.82;284714.82;85443.00;2013
201301;27. Lugo;108386.41;71522.91;36863.50;2013
201301;32. Ourense;93732.50;67915.45;25817.05;2013
201301;36. Pontevedra;286012.95;220524.27;65488.68;2013
201302;15. Coruña, A;369242.90;284130.30;85112.60;2013
201302;27. Lugo;107348.70;70517.80;36830.90;2013
201302;32. Ourense;93524.60;67830.20;25694.40;2013
201302;36. Pontevedra;285164.90;220042.60;65122.30;2013
201303;15. Coruña, A;369434.79;284263.47;85171.32;2013
201303;27. Lugo;107427.79;70588.89;36838.89;2013
201303;32. Ourense;93623.95;67927.11;25696.84;2013
201303;36. Pontevedra;285528.95;220376.68;65152.26;2013
201304;15. Coruña, A;369151.82;283852.73;85299.09;2013
201304;27. Lugo;107243.18;70473.91;36769.27;2013
201304;32. Ourense;93499.64;67804.59;25695.05;2013
201304;36. Pontevedra;285241.18;219961.82;65279.36;2013
201305;15. Coruña, A;369762.05;284236.59;85525.45;2013
201305;27. Lugo;107446.05;70705.55;36740.50;2013
201305;32. Ourense;93853.55;68112.36;25741.18;2013
201305;36. Pontevedra;287467.91;222086.09;65381.82;2013
201306;15. Coruña, A;371066.45;285255.85;85810.60;2013
201306;27. Lugo;107814.10;71111.75;36702.35;2013
201306;32. Ourense;94267.25;68455.60;25811.65;2013
201306;36. Pontevedra;290165.00;224497.40;65667.60;2013
201307;15. Coruña, A;374115.57;288155.35;85960.22;2013
201307;27. Lugo;109132.30;72438.26;36694.04;2013
201307;32. Ourense;94860.30;69007.52;25852.78;2013
201307;36. Pontevedra;295012.61;229056.61;65956.00;2013
201308;15. Coruña, A;375873.10;289911.24;85961.86;2013
201308;27. Lugo;110364.24;73669.43;36694.81;2013
201308;32. Ourense;95567.90;69732.90;25835.00;2013
201308;36. Pontevedra;295630.33;229592.71;66037.62;2013
201309;15. Coruña, A;373686.14;287630.38;86055.76;2013
201309;27. Lugo;109104.19;72405.38;36698.81;2013
201309;32. Ourense;95310.24;69421.86;25888.38;2013
201309;36. Pontevedra;293711.48;227683.00;66028.48;2013
201310;15. Coruña, A;373003.22;286958.09;86045.13;2013
201310;27. Lugo;108238.78;71591.91;36646.87;2013
201310;32. Ourense;94739.61;68833.22;25906.39;2013
201310;36. Pontevedra;290627.78;224846.96;65780.83;2013
201311;15. Coruña, A;372690.10;286570.30;86119.80;2013
201311;27. Lugo;107245.85;70617.55;36628.30;2013
201311;32. Ourense;94315.95;68425.45;25890.50;2013
201311;36. Pontevedra;288355.95;222709.15;65646.80;2013
201312;15. Coruña, A;372664.50;286432.17;86232.33;2013
201312;27. Lugo;107130.83;70494.06;36636.78;2013
201312;32. Ourense;94085.50;68255.28;25830.22;2013
201312;36. Pontevedra;287173.72;221500.22;65673.50;2013
201401;15. Coruña, A;366713.62;280786.95;85926.67;2014
201401;27. Lugo;105730.57;69198.00;36532.57;2014
201401;32. Ourense;92817.71;67133.19;25684.52;2014
201401;36. Pontevedra;282984.43;217686.52;65297.90;2014
201402;15. Coruña, A;367414.35;281549.60;85864.75;2014
201402;27. Lugo;105822.15;69323.95;36498.20;2014
201402;32. Ourense;92814.65;67133.05;25681.60;2014
201402;36. Pontevedra;283609.45;218342.80;65266.65;2014
201403;15. Coruña, A;368434.19;282298.81;86135.38;2014
201403;27. Lugo;106382.24;69827.90;36554.33;2014
201403;32. Ourense;93028.81;67305.38;25723.43;2014
201403;36. Pontevedra;284492.29;219106.19;65386.10;2014
201404;15. Coruña, A;369897.05;283372.15;86524.90;2014
201404;27. Lugo;107075.90;70395.65;36680.25;2014
201404;32. Ourense;93284.70;67498.90;25785.80;2014
201404;36. Pontevedra;285780.50;220091.55;65688.95;2014
201405;15. Coruña, A;372081.19;285187.48;86893.71;2014
201405;27. Lugo;107573.38;70851.43;36721.95;2014
201405;32. Ourense;93561.67;67705.48;25856.19;2014
201405;36. Pontevedra;288738.33;222651.95;66086.38;2014
201406;15. Coruña, A;374914.38;287604.95;87309.43;2014
201406;27. Lugo;108284.24;71530.71;36753.52;2014
201406;32. Ourense;94255.48;68277.71;25977.76;2014
201406;36. Pontevedra;291056.19;224487.95;66568.24;2014
201407;15. Coruña, A;379346.52;291782.09;87564.43;2014
201407;27. Lugo;110038.43;73268.87;36769.57;2014
201407;32. Ourense;95438.91;69416.96;26021.96;2014
201407;36. Pontevedra;297803.09;230756.00;67047.09;2014
201408;15. Coruña, A;381226.35;293593.65;87632.70;2014
201408;27. Lugo;111299.05;74554.70;36744.35;2014
201408;32. Ourense;96534.00;70466.80;26067.20;2014
201408;36. Pontevedra;299088.50;231927.30;67161.20;2014
201409;15. Coruña, A;379309.68;291645.41;87664.27;2014
201409;27. Lugo;110230.73;73537.41;36693.32;2014
201409;32. Ourense;96568.82;70472.32;26096.50;2014
201409;36. Pontevedra;296227.59;229074.09;67153.50;2014
201410;15. Coruña, A;378930.39;291160.26;87770.13;2014
201410;27. Lugo;109459.91;72793.78;36666.13;2014
201410;32. Ourense;95659.57;69572.17;26087.39;2014
201410;36. Pontevedra;294662.87;227676.70;66986.17;2014
201411;15. Coruña, A;377704.15;289918.40;87785.75;2014
201411;27. Lugo;108303.10;71678.00;36625.10;2014
201411;32. Ourense;94938.75;68866.60;26072.15;2014
201411;36. Pontevedra;293722.65;226789.25;66933.40;2014
201412;15. Coruña, A;377032.26;289186.11;87846.16;2014
201412;27. Lugo;108172.95;71572.05;36600.89;2014
201412;32. Ourense;94843.37;68796.42;26046.95;2014
201412;36. Pontevedra;292789.00;225767.11;67021.89;2014
201501;15. Coruña, A;372256.60;284809.20;87447.40;2015
201501;27. Lugo;107049.90;70574.10;36475.80;2015
201501;32. Ourense;93842.65;67935.35;25907.30;2015
201501;36. Pontevedra;287603.25;220990.35;66612.90;2015
201502;15. Coruña, A;374865.80;287439.85;87425.95;2015
201502;27. Lugo;107029.55;70593.00;36436.55;2015
201502;32. Ourense;93751.40;67884.95;25866.45;2015
201502;36. Pontevedra;289699.80;223113.70;66586.10;2015
201503;15. Coruña, A;377107.09;289488.91;87618.18;2015
201503;27. Lugo;107411.73;70964.95;36446.77;2015
201503;32. Ourense;93915.59;68027.59;25888.00;2015
201503;36. Pontevedra;291871.95;225054.77;66817.18;2015
201504;15. Coruña, A;379156.90;291328.80;87828.10;2015
201504;27. Lugo;108263.50;71771.40;36492.10;2015
201504;32. Ourense;94330.20;68400.25;25929.95;2015
201504;36. Pontevedra;294620.30;227627.15;66993.15;2015
201505;15. Coruña, A;382371.60;294348.80;88022.80;2015
201505;27. Lugo;109338.80;72781.70;36557.10;2015
201505;32. Ourense;95062.50;69099.15;25963.35;2015
201505;36. Pontevedra;297667.00;230530.95;67136.05;2015
201506;15. Coruña, A;384068.77;295883.77;88185.00;2015
201506;27. Lugo;110009.09;73421.59;36587.50;2015
201506;32. Ourense;95376.68;69379.82;25996.86;2015
201506;36. Pontevedra;301265.45;233778.50;67486.95;2015
201507;15. Coruña, A;388847.87;300662.04;88185.83;2015
201507;27. Lugo;111985.43;75477.83;36507.61;2015
201507;32. Ourense;96647.83;70642.09;26005.74;2015
201507;36. Pontevedra;306980.70;239267.26;67713.43;2015
201508;15. Coruña, A;390754.57;302553.71;88200.86;2015
201508;27. Lugo;113347.57;76835.38;36512.19;2015
201508;32. Ourense;97612.29;71649.29;25963.00;2015
201508;36. Pontevedra;307978.48;240210.19;67768.29;2015
201509;15. Coruña, A;388540.91;300348.73;88192.18;2015
201509;27. Lugo;111907.55;75430.77;36476.77;2015
201509;32. Ourense;97391.45;71440.59;25950.86;2015
201509;36. Pontevedra;304630.14;236996.64;67633.50;2015
201510;15. Coruña, A;387857.24;299782.05;88075.19;2015
201510;27. Lugo;111206.90;74808.90;36398.00;2015
201510;32. Ourense;96469.81;70556.14;25913.67;2015
201510;36. Pontevedra;301958.00;234606.10;67351.90;2015
201511;15. Coruña, A;386914.14;298900.81;88013.33;2015
201511;27. Lugo;110322.95;74010.43;36312.52;2015
201511;32. Ourense;96028.57;70140.95;25887.62;2015
201511;36. Pontevedra;302388.19;235128.00;67260.19;2015
201512;15. Coruña, A;385825.21;297865.11;87960.11;2015
201512;27. Lugo;110172.63;73937.26;36235.37;2015
201512;32. Ourense;95697.63;69868.16;25829.47;2015
201512;36. Pontevedra;301268.79;234034.42;67234.37;2015
201601;15. Coruña, A;380243.74;292824.05;87419.68;2016
201601;27. Lugo;108740.58;72692.63;36047.95;2016
201601;32. Ourense;94327.63;68753.53;25574.11;2016
201601;36. Pontevedra;295049.89;228265.05;66784.84;2016
201602;15. Coruña, A;382678.76;295381.67;87297.10;2016
201602;27. Lugo;108451.90;72439.24;36012.67;2016
201602;32. Ourense;94233.86;68711.71;25522.14;2016
201602;36. Pontevedra;296971.76;230159.86;66811.90;2016
201603;15. Coruña, A;384614.95;297202.14;87412.81;2016
201603;27. Lugo;109082.29;73005.24;36077.05;2016
201603;32. Ourense;94499.48;68971.90;25527.57;2016
201603;36. Pontevedra;298713.29;231648.43;67064.86;2016
201604;15. Coruña, A;385760.29;298288.71;87471.57;2016
201604;27. Lugo;109668.43;73550.52;36117.90;2016
201604;32. Ourense;94585.38;69044.86;25540.52;2016
201604;36. Pontevedra;299778.71;232588.24;67190.48;2016
201605;15. Coruña, A;388046.23;300383.59;87662.64;2016
201605;27. Lugo;110446.64;74291.73;36154.91;2016
201605;32. Ourense;94826.14;69275.41;25550.73;2016
201605;36. Pontevedra;302455.18;235090.45;67364.73;2016
201606;15. Coruña, A;390495.09;302709.73;87785.36;2016
201606;27. Lugo;111377.59;75201.09;36176.50;2016
201606;32. Ourense;95749.23;70173.00;25576.23;2016
201606;36. Pontevedra;306778.05;239171.77;67606.27;2016
201607;15. Coruña, A;395750.05;307977.00;87773.05;2016
201607;27. Lugo;113446.33;77306.33;36140.00;2016
201607;32. Ourense;97272.67;71703.14;25569.52;2016
201607;36. Pontevedra;313335.05;245496.57;67838.48;2016
201608;15. Coruña, A;397169.68;309498.05;87671.64;2016
201608;27. Lugo;114864.82;78756.45;36108.36;2016
201608;32. Ourense;98295.32;72721.50;25573.82;2016
201608;36. Pontevedra;314640.00;246752.00;67888.00;2016
201609;15. Coruña, A;395344.41;307772.82;87571.59;2016
201609;27. Lugo;113440.68;77396.64;36044.05;2016
201609;32. Ourense;98024.14;72532.00;25492.14;2016
201609;36. Pontevedra;310940.91;243276.86;67664.05;2016
201610;15. Coruña, A;396031.30;308638.25;87393.05;2016
201610;27. Lugo;112980.10;77069.05;35911.05;2016
201610;32. Ourense;97743.50;72261.65;25481.85;2016
201610;36. Pontevedra;309935.85;242485.25;67450.60;2016
201611;15. Coruña, A;395601.38;308284.81;87316.57;2016
201611;27. Lugo;111976.67;76144.38;35832.29;2016
201611;32. Ourense;97299.48;71861.29;25438.19;2016
201611;36. Pontevedra;309197.62;241836.48;67361.14;2016
201612;15. Coruña, A;394047.20;306855.85;87191.35;2016
201612;27. Lugo;111671.60;75976.35;35695.25;2016
201612;32. Ourense;97019.80;71598.60;25421.20;2016
201612;36. Pontevedra;307183.40;239919.10;67264.30;2016
201701;15. Coruña, A;389322.90;302628.81;86694.10;2017
201701;27. Lugo;110081.71;74566.33;35515.38;2017
201701;32. Ourense;95587.38;70382.71;25204.67;2017
201701;36. Pontevedra;302946.48;236143.62;66802.86;2017
201702;15. Coruña, A;390774.95;304189.20;86585.75;2017
201702;27. Lugo;109864.60;74361.45;35503.15;2017
201702;32. Ourense;95396.15;70230.30;25165.85;2017
201702;36. Pontevedra;304091.70;237358.60;66733.10;2017
201703;15. Coruña, A;393574.57;306859.57;86715.00;2017
201703;27. Lugo;110580.57;75043.00;35537.57;2017
201703;32. Ourense;95655.22;70442.96;25212.26;2017
201703;36. Pontevedra;305384.26;238476.52;66907.74;2017
201704;15. Coruña, A;395282.44;308467.22;86815.22;2017
201704;27. Lugo;111331.56;75772.83;35558.72;2017
201704;32. Ourense;95896.67;70621.94;25274.72;2017
201704;36. Pontevedra;308030.39;240912.89;67117.50;2017
201705;15. Coruña, A;397675.86;310700.14;86975.73;2017
201705;27. Lugo;111982.00;76436.91;35545.09;2017
201705;32. Ourense;96424.18;71104.36;25319.82;2017
201705;36. Pontevedra;311372.32;244057.05;67315.27;2017
201706;15. Coruña, A;400125.95;313032.27;87093.68;2017
201706;27. Lugo;112924.86;77358.86;35566.00;2017
201706;32. Ourense;97042.86;71684.09;25358.77;2017
201706;36. Pontevedra;315853.68;248310.09;67543.59;2017
201707;15. Coruña, A;405760.52;318790.10;86970.43;2017
201707;27. Lugo;115261.52;79710.43;35551.10;2017
201707;32. Ourense;98550.62;73235.10;25315.52;2017
201707;36. Pontevedra;322520.71;254901.38;67619.33;2017
201708;15. Coruña, A;406547.77;319708.23;86839.55;2017
201708;27. Lugo;116032.14;80499.09;35533.05;2017
201708;32. Ourense;99055.00;73821.41;25233.59;2017
201708;36. Pontevedra;322459.27;254937.95;67521.32;2017
201709;15. Coruña, A;403555.81;316821.52;86734.29;2017
201709;27. Lugo;114664.62;79180.76;35483.86;2017
201709;32. Ourense;98814.62;73640.24;25174.38;2017
201709;36. Pontevedra;319726.24;252339.52;67386.71;2017
201710;15. Coruña, A;404180.71;317548.38;86632.33;2017
201710;27. Lugo;114468.29;79054.19;35414.10;2017
201710;32. Ourense;98538.24;73392.86;25145.38;2017
201710;36. Pontevedra;318327.19;251256.48;67070.71;2017
201711;15. Coruña, A;403945.24;317495.14;86450.10;2017
201711;27. Lugo;113682.52;78389.05;35293.48;2017
201711;32. Ourense;98658.19;73554.05;25104.14;2017
201711;36. Pontevedra;318364.05;251506.62;66857.43;2017
201712;15. Coruña, A;402738.39;316516.89;86221.50;2017
201712;27. Lugo;113285.17;78153.72;35131.44;2017
201712;32. Ourense;98408.44;73347.00;25061.44;2017
201712;36. Pontevedra;317101.83;250442.78;66659.06;2017
201801;15. Coruña, A;398221.73;312421.18;85800.55;2018
201801;27. Lugo;112159.55;77168.95;34990.59;2018
201801;32. Ourense;97234.77;72332.05;24902.73;2018
201801;36. Pontevedra;312986.00;246633.41;66352.59;2018
201802;15. Coruña, A;400151.65;314184.35;85967.30;2018
201802;27. Lugo;112247.00;77211.10;35035.90;2018
201802;32. Ourense;97598.10;72690.05;24908.05;2018
201802;36. Pontevedra;315055.35;248437.35;66618.00;2018
201803;15. Coruña, A;402909.90;316671.35;86238.55;2018
201803;27. Lugo;113000.35;77903.90;35096.45;2018
201803;32. Ourense;98071.90;73123.70;24948.20;2018
201803;36. Pontevedra;317086.40;250166.30;66920.10;2018
201804;15. Coruña, A;404481.38;318179.67;86301.71;2018
201804;27. Lugo;113550.71;78412.10;35138.62;2018
201804;32. Ourense;98043.19;73117.05;24926.14;2018
201804;36. Pontevedra;319434.29;252441.38;66992.90;2018
201805;15. Coruña, A;407421.86;320980.18;86441.68;2018
201805;27. Lugo;114443.59;79272.18;35171.41;2018
201805;32. Ourense;98497.18;73577.45;24919.73;2018
201805;36. Pontevedra;323979.64;256810.64;67169.00;2018
201806;15. Coruña, A;409351.19;322747.71;86603.48;2018
201806;27. Lugo;115447.81;80281.62;35166.19;2018
201806;32. Ourense;99343.95;74373.76;24970.19;2018
201806;36. Pontevedra;328474.05;260937.05;67537.00;2018
201807;15. Coruña, A;414290.05;327798.05;86492.00;2018
201807;27. Lugo;117364.36;82264.36;35100.00;2018
201807;32. Ourense;100731.95;75801.05;24930.91;2018
201807;36. Pontevedra;334867.55;267141.45;67726.09;2018
201808;15. Coruña, A;414654.14;328307.27;86346.86;2018
201808;27. Lugo;117917.64;83066.05;34851.59;2018
201808;32. Ourense;100522.41;76205.55;24316.86;2018
201808;36. Pontevedra;333146.64;265752.36;67394.27;2018
201809;15. Coruña, A;411897.30;325710.05;86187.25;2018
201809;27. Lugo;116297.15;81570.55;34726.60;2018
201809;32. Ourense;99813.60;75618.70;24194.90;2018
201809;36. Pontevedra;330334.20;263172.15;67162.05;2018
201810;15. Coruña, A;413357.14;327186.05;86171.09;2018
201810;27. Lugo;116038.86;81409.00;34629.86;2018
201810;32. Ourense;99320.41;75156.86;24163.55;2018
201810;36. Pontevedra;330039.00;263054.73;66984.27;2018
201811;15. Coruña, A;413238.38;327222.19;86016.19;2018
201811;27. Lugo;115228.52;80694.33;34534.19;2018
201811;32. Ourense;98917.90;74779.62;24138.29;2018
201811;36. Pontevedra;328406.71;261530.52;66876.19;2018
201812;15. Coruña, A;412253.59;326455.65;85797.94;2018
201812;27. Lugo;115102.82;80648.24;34454.59;2018
201812;32. Ourense;98478.41;74359.76;24118.65;2018
201812;36. Pontevedra;326748.94;259833.59;66915.35;2018
201901;15. Coruña, A;406678.00;321482.27;85195.73;2019
201901;27. Lugo;113821.64;79564.41;34257.23;2019
201901;32. Ourense;97343.05;73394.09;23948.95;2019
201901;36. Pontevedra;321968.68;255443.09;66525.59;2019
201902;15. Coruña, A;408944.75;323729.05;85215.70;2019
201902;27. Lugo;113924.45;79746.35;34178.10;2019
201902;32. Ourense;97589.45;73685.45;23904.00;2019
201902;36. Pontevedra;323783.50;257204.65;66578.85;2019
201903;15. Coruña, A;412255.52;326759.05;85496.48;2019
201903;27. Lugo;114675.76;80552.86;34122.90;2019
201903;32. Ourense;98071.76;74179.90;23891.86;2019
201903;36. Pontevedra;326118.95;259333.14;66785.81;2019
201904;15. Coruña, A;415099.30;329473.70;85625.60;2019
201904;27. Lugo;115535.25;81368.50;34166.75;2019
201904;32. Ourense;98250.95;74356.55;23894.40;2019
201904;36. Pontevedra;328811.40;261854.90;66956.50;2019
201905;15. Coruña, A;418294.68;332562.23;85732.45;2019
201905;27. Lugo;116402.05;82225.32;34176.73;2019
201905;32. Ourense;99039.50;75186.14;23853.36;2019
201905;36. Pontevedra;332002.09;264874.55;67127.55;2019
201906;15. Coruña, A;419585.55;333708.65;85876.90;2019
201906;27. Lugo;117209.70;83037.15;34172.55;2019
201906;32. Ourense;99777.85;75895.40;23882.45;2019
201906;36. Pontevedra;335789.45;268377.80;67411.65;2019
201907;15. Coruña, A;423147.30;337286.96;85860.35;2019
201907;27. Lugo;118802.13;84694.61;34107.52;2019
201907;32. Ourense;100836.39;76994.43;23841.96;2019
201907;36. Pontevedra;341274.26;273664.30;67609.96;2019
201908;15. Coruña, A;422727.19;337064.57;85662.62;2019
201908;27. Lugo;119188.43;85109.14;34079.29;2019
201908;32. Ourense;101177.00;77428.19;23748.81;2019
201908;36. Pontevedra;340445.90;272934.05;67511.86;2019
201909;15. Coruña, A;419180.33;333674.00;85506.33;2019
201909;27. Lugo;117596.67;83634.24;33962.43;2019
201909;32. Ourense;100605.67;76926.19;23679.48;2019
201909;36. Pontevedra;337211.43;269870.90;67340.52;2019
201910;15. Coruña, A;420371.70;334926.74;85444.96;2019
201910;27. Lugo;117369.17;83491.22;33877.96;2019
201910;32. Ourense;100430.30;76775.48;23654.83;2019
201910;36. Pontevedra;335950.74;268858.17;67092.57;2019
201911;15. Coruña, A;419809.25;334553.30;85255.95;2019
201911;27. Lugo;116104.10;82371.00;33733.10;2019
201911;32. Ourense;100011.35;76404.20;23607.15;2019
201911;36. Pontevedra;334667.70;267700.50;66967.20;2019
201912;15. Coruña, A;418441.67;333286.28;85155.39;2019
201912;27. Lugo;115814.72;82170.06;33644.67;2019
201912;32. Ourense;99893.06;76333.11;23559.94;2019
201912;36. Pontevedra;333856.83;266929.61;66927.22;2019
202001;15. Coruña, A;413275.52;328702.95;84572.57;2020
202001;27. Lugo;114385.10;80906.81;33478.29;2020
202001;32. Ourense;98465.81;75062.57;23403.24;2020
202001;36. Pontevedra;328772.52;262273.62;66498.90;2020
202002;15. Coruña, A;415709.10;331153.60;84555.50;2020
202002;27. Lugo;114833.65;81340.55;33493.10;2020
202002;32. Ourense;98798.65;75341.45;23457.20;2020
202002;36. Pontevedra;330997.90;264408.55;66589.35;2020
202003;15. Coruña, A;411747.95;327265.14;84482.82;2020
202003;27. Lugo;114198.09;80679.00;33519.09;2020
202003;32. Ourense;97937.23;74496.05;23441.18;2020
202003;36. Pontevedra;326810.50;260214.05;66596.45;2020
202004;15. Coruña, A;400146.15;316289.00;83857.15;2020
202004;27. Lugo;112016.70;78670.95;33345.75;2020
202004;32. Ourense;95647.10;72383.25;23263.85;2020
202004;36. Pontevedra;316407.85;250463.60;65944.25;2020
202005;15. Coruña, A;399820.30;315943.25;83877.05;2020
202005;27. Lugo;111952.95;78619.85;33333.10;2020
202005;32. Ourense;95740.80;72485.70;23255.10;2020
202005;36. Pontevedra;318452.60;252384.70;66067.90;2020
202006;15. Coruña, A;402518.27;318354.45;84163.82;2020
202006;27. Lugo;112659.45;79290.23;33369.23;2020
202006;32. Ourense;96641.18;73325.68;23315.50;2020
202006;36. Pontevedra;324015.00;257484.41;66530.59;2020
202007;15. Coruña, A;408489.91;324049.35;84440.57;2020
202007;27. Lugo;114681.65;81256.26;33425.39;2020
202007;32. Ourense;98318.78;74927.87;23390.91;2020
202007;36. Pontevedra;332451.13;265367.35;67083.78;2020
202008;15. Coruña, A;410956.38;326381.76;84574.62;2020
202008;27. Lugo;116073.62;82659.67;33413.95;2020
202008;32. Ourense;99227.43;75831.33;23396.10;2020
202008;36. Pontevedra;334698.00;267498.86;67199.14;2020
202009;15. Coruña, A;410370.82;325908.86;84461.95;2020
202009;27. Lugo;115381.36;82026.14;33355.23;2020
202009;32. Ourense;99264.05;75904.91;23359.14;2020
202009;36. Pontevedra;333557.95;266512.86;67045.09;2020
202010;15. Coruña, A;412524.00;328102.81;84421.19;2020
202010;27. Lugo;115150.24;81880.10;33270.14;2020
202010;32. Ourense;99248.86;75888.81;23360.05;2020
202010;36. Pontevedra;333651.19;266761.57;66889.62;2020
202011;15. Coruña, A;412266.33;327785.00;84481.33;2020
202011;27. Lugo;114422.29;81230.71;33191.57;2020
202011;32. Ourense;98498.67;75145.38;23353.29;2020
202011;36. Pontevedra;333072.00;266144.43;66927.57;2020
202012;15. Coruña, A;410078.68;325579.16;84499.53;2020
202012;27. Lugo;113747.26;80623.11;33124.16;2020
202012;32. Ourense;97599.00;74286.63;23312.37;2020
202012;36. Pontevedra;329726.32;262805.95;66920.37;2020
202101;15. Coruña, A;406733.11;322583.89;84149.21;2021
202101;27. Lugo;112398.21;79436.84;32961.37;2021
202101;32. Ourense;96776.74;73540.32;23236.42;2021
202101;36. Pontevedra;326257.32;259584.63;66672.68;2021
202102;15. Coruña, A;407654.35;323418.45;84235.90;2021
202102;27. Lugo;112249.95;79291.60;32958.35;2021
202102;32. Ourense;96762.90;73526.75;23236.15;2021
202102;36. Pontevedra;326609.75;259826.95;66782.80;2021
202103;15. Coruña, A;409900.74;325410.13;84490.61;2021
202103;27. Lugo;112797.65;79775.26;33022.39;2021
202103;32. Ourense;97142.22;73866.22;23276.00;2021
202103;36. Pontevedra;327528.83;260523.09;67005.74;2021
202104;15. Coruña, A;411511.50;326828.05;84683.45;2021
202104;27. Lugo;113224.50;80196.40;33028.10;2021
202104;32. Ourense;97312.05;74055.95;23256.10;2021
202104;36. Pontevedra;328887.20;261610.10;67277.10;2021
202105;15. Coruña, A;415304.29;330451.71;84852.57;2021
202105;27. Lugo;114147.90;81119.43;33028.48;2021
202105;32. Ourense;98185.57;74912.05;23273.52;2021
202105;36. Pontevedra;331864.19;264331.43;67532.76;2021
202106;15. Coruña, A;418538.23;333508.64;85029.59;2021
202106;27. Lugo;115591.91;82550.05;33041.86;2021
202106;32. Ourense;99036.14;75736.82;23299.32;2021
202106;36. Pontevedra;337221.23;269337.86;67883.36;2021
202107;15. Coruña, A;423700.05;338551.27;85148.77;2021
202107;27. Lugo;117355.77;84346.00;33009.77;2021
202107;32. Ourense;100163.00;76852.55;23310.45;2021
202107;36. Pontevedra;343076.68;274899.32;68177.36;2021
202108;15. Coruña, A;425303.59;340099.82;85203.77;2021
202108;27. Lugo;118329.73;85336.45;32993.27;2021
202108;32. Ourense;100673.82;77364.45;23309.36;2021
202108;36. Pontevedra;343386.27;275148.05;68238.23;2021
202109;15. Coruña, A;422771.18;337587.55;85183.64;2021
202109;27. Lugo;117223.59;84314.14;32909.45;2021
202109;32. Ourense;100125.55;76841.68;23283.86;2021
202109;36. Pontevedra;341175.27;273117.68;68057.59;2021
202110;15. Coruña, A;424014.25;338807.95;85206.30;2021
202110;27. Lugo;116922.65;84056.10;32866.55;2021
202110;32. Ourense;99789.15;76561.45;23227.70;2021
202110;36. Pontevedra;340456.80;272557.35;67899.45;2021
202111;15. Coruña, A;426326.10;341178.90;85147.19;2021
202111;27. Lugo;116661.14;83847.62;32813.52;2021
202111;32. Ourense;100086.38;76854.57;23231.81;2021
202111;36. Pontevedra;341177.29;273300.43;67876.86;2021
202112;15. Coruña, A;425749.74;340611.00;85138.74;2021
202112;27. Lugo;116434.58;83710.89;32723.68;2021
202112;32. Ourense;99925.79;76702.37;23223.42;2021
202112;36. Pontevedra;340269.21;272346.89;67922.32;2021
202201;15. Coruña, A;421353.80;336663.80;84690.00;2022
202201;27. Lugo;115368.70;82803.45;32565.25;2022
202201;32. Ourense;99065.55;75932.30;23133.25;2022
202201;36. Pontevedra;336569.55;268974.85;67594.70;2022
202202;15. Coruña, A;423473.35;338844.95;84628.40;2022
202202;27. Lugo;115681.00;83124.40;32556.60;2022
202202;32. Ourense;99515.75;76376.40;23139.35;2022
202202;36. Pontevedra;337475.00;269854.10;67620.90;2022
202203;15. Coruña, A;425583.91;340906.00;84677.91;2022
202203;27. Lugo;115899.87;83375.52;32524.35;2022
202203;32. Ourense;99653.65;76499.30;23154.35;2022
202203;36. Pontevedra;336993.39;269424.22;67569.17;2022
202204;15. Coruña, A;428758.89;343983.26;84775.63;2022
202204;27. Lugo;116566.63;84028.26;32538.37;2022
202204;32. Ourense;99699.26;76555.84;23143.42;2022
202204;36. Pontevedra;338781.37;271294.16;67487.21;2022
202205;15. Coruña, A;431293.18;346443.36;84849.82;2022
202205;27. Lugo;117233.36;84701.27;32532.09;2022
202205;32. Ourense;100332.95;77207.45;23125.50;2022
202205;36. Pontevedra;341911.14;274265.64;67645.50;2022
202206;15. Coruña, A;433459.95;348544.18;84915.77;2022
202206;27. Lugo;117995.86;85464.41;32531.45;2022
202206;32. Ourense;101054.77;77926.55;23128.23;2022
202206;36. Pontevedra;345973.77;278121.64;67852.14;2022
202207;15. Coruña, A;436261.57;351484.90;84776.67;2022
202207;27. Lugo;118985.57;86559.29;32426.29;2022
202207;32. Ourense;101372.19;78349.05;23023.14;2022
202207;36. Pontevedra;350633.10;282747.52;67885.57;2022
202208;15. Coruña, A;435498.82;350935.86;84562.95;2022
202208;27. Lugo;119157.86;86799.59;32358.27;2022
202208;32. Ourense;101151.41;78172.00;22979.41;2022
202208;36. Pontevedra;349068.86;281340.45;67728.41;2022
202209;15. Coruña, A;433415.68;349079.91;84335.77;2022
202209;27. Lugo;118006.32;85756.00;32250.32;2022
202209;32. Ourense;100793.82;77865.23;22928.59;2022
202209;36. Pontevedra;345446.95;277950.91;67496.05;2022
202210;15. Coruña, A;434924.10;350599.95;84324.15;2022
202210;27. Lugo;117935.00;85713.75;32221.25;2022
202210;32. Ourense;100948.75;78061.10;22887.65;2022
202210;36. Pontevedra;344676.10;277282.75;67393.35;2022
202211;15. Coruña, A;435004.05;350790.67;84213.38;2022
202211;27. Lugo;116923.76;84803.10;32120.67;2022
202211;32. Ourense;101184.10;78344.05;22840.05;2022
202211;36. Pontevedra;344351.67;277022.43;67329.24;2022
202212;15. Coruña, A;432610.65;348478.25;84132.40;2022
202212;27. Lugo;116374.85;84342.05;32032.80;2022
202212;32. Ourense;100804.75;78007.30;22797.45;2022
202212;36. Pontevedra;342906.90;275644.25;67262.65;2022
202301;15. Coruña, A;427619.95;344043.00;83576.95;2023
202301;27. Lugo;115270.95;83439.43;31831.52;2023
202301;32. Ourense;99916.05;77286.76;22629.29;2023
202301;36. Pontevedra;339061.48;272135.52;66925.95;2023
202302;15. Coruña, A;430142.10;346537.25;83604.85;2023
202302;27. Lugo;115652.60;83848.90;31803.70;2023
202302;32. Ourense;100347.20;77724.65;22622.55;2023
202302;36. Pontevedra;340457.85;273429.25;67028.60;2023
202303;15. Coruña, A;434027.48;350265.91;83761.57;2023
202303;27. Lugo;116501.91;84629.35;31872.57;2023
202303;32. Ourense;100562.83;77943.26;22619.57;2023
202303;36. Pontevedra;342737.91;275500.30;67237.61;2023
202304;15. Coruña, A;436624.06;352703.17;83920.89;2023
202304;27. Lugo;117692.83;85788.50;31904.33;2023
202304;32. Ourense;101023.56;78366.44;22657.11;2023
202304;36. Pontevedra;345159.22;277792.39;67366.83;2023
202305;15. Coruña, A;440199.00;356214.09;83984.91;2023
202305;27. Lugo;118656.86;86730.09;31926.77;2023
202305;32. Ourense;102147.50;79478.09;22669.41;2023
202305;36. Pontevedra;348424.64;280851.95;67572.68;2023
202306;15. Coruña, A;442811.09;358723.64;84087.45;2023
202306;27. Lugo;119368.05;87436.18;31931.86;2023
202306;32. Ourense;102561.36;79857.59;22703.77;2023
202306;36. Pontevedra;352741.50;284925.73;67815.77;2023
202307;15. Coruña, A;446147.95;362104.10;84043.86;2023
202307;27. Lugo;120915.33;89032.10;31883.24;2023
202307;32. Ourense;103405.52;80750.62;22654.90;2023
202307;36. Pontevedra;357138.76;289130.29;68008.48;2023
202308;15. Coruña, A;445869.77;361990.05;83879.73;2023
202308;27. Lugo;121337.68;89522.27;31815.41;2023
202308;32. Ourense;103703.77;81080.36;22623.41;2023
202308;36. Pontevedra;356774.23;288837.50;67936.73;2023
202309;15. Coruña, A;443544.33;359780.43;83763.90;2023
202309;27. Lugo;120065.10;88338.14;31726.95;2023
202309;32. Ourense;103424.71;80852.86;22571.86;2023
202309;36. Pontevedra;353369.71;285678.81;67690.90;2023
